Nation/State;Coverage;2019;2018;2017;2016;2015;2014;2013;2012;2011;2010;2009;2008
Alabama;Total;100,0;100,0;100,0;100,0;100,0;100,0;100,0;100,0;100,0;100,0;100,0;100,0
Alabama;Any coverage;90,3;90,0;90,6;90,9;89,9;87,9;86,4;86,7;85,7;85,4;86,2;86,7
Alabama;Uninsured;9,7;10,0;9,4;9,1;10,1;12,1;13,6;13,3;14,3;14,6;13,8;13,3
Alabama;Private;66,9;66,6;66,9;67,9;66,9;65,7;64,8;65,1;64,9;65,4;67,1;69,3
Alabama;..Employer-based;54,1;53,6;53,2;53,5;53,2;53,0;52,3;53,7;53,1;53,4;55,4;57,8
Alabama;..Direct-purchase;13,3;13,4;14,0;14,9;14,2;12,8;13,0;13,6;12,6;13,1;13,8;14,6
Alabama;..TRICARE;4,8;4,6;4,5;4,5;4,3;4,4;4,3;4,6;4,7;4,4;4,0;4,2
Alabama;Public;37,3;37,2;37,8;36,9;36,6;35,5;34,8;34,6;33,1;32,5;31,8;30,6
Alabama;..Medicaid;19,6;19,7;20,5;20,1;20,1;19,6;19,2;19,5;18,3;18,2;17,7;16,5
Alabama;..Medicare;20,8;20,5;20,3;19,8;19,4;18,8;18,6;18,2;17,4;17,0;16,9;16,8
Alabama;..VA Care;2,7;2,9;3,0;2,9;2,9;2,6;2,6;2,7;2,8;2,5;2,6;2,7
Alaska;Total;100,0;100,0;100,0;100,0;100,0;100,0;100,0;100,0;100,0;100,0;100,0;100,0
Alaska;Any coverage;87,8;87,4;86,3;86,0;85,1;82,8;81,5;79,5;79,9;80,1;78,9;80,9
Alaska;Uninsured;12,2;12,6;13,7;14,0;14,9;17,2;18,5;20,5;20,1;19,9;21,1;19,1
Alaska;Private;64,8;64,5;63,2;67,3;67,0;65,6;65,2;62,9;62,9;64,8;64,5;67,8
Alaska;..Employer-based;54,2;53,5;51,4;55,0;54,6;53,0;55,9;53,6;52,5;54,5;54,1;56,9
Alaska;..Direct-purchase;7,4;7,4;7,6;7,8;9,0;7,4;6,5;7,5;6,3;6,5;7,5;8,7
Alaska;..TRICARE;9,8;9,8;9,8;9,8;10,1;10,1;7,9;9,2;8,9;9,6;9,3;9,7
Alaska;Public;35,2;34,6;34,7;29,4;28,7;26,8;25,8;25,6;25,3;23,6;22,8;22,0
Alaska;..Medicaid;21,8;22,0;22,7;18,3;18,2;16,7;15,8;16,0;16,5;15,4;14,5;14,1
Alaska;..Medicare;14,0;13,4;12,1;11,3;10,8;10,6;9,9;9,9;9,3;8,8;8,7;8,9
Alaska;..VA Care;4,2;4,6;4,4;3,9;3,7;3,9;3,4;3,5;2,9;2,9;3,0;3,2
Arizona;Total;100,0;100,0;100,0;100,0;100,0;100,0;100,0;100,0;100,0;100,0;100,0;100,0
Arizona;Any coverage;88,7;89,4;89,9;90,0;89,2;86,4;82,9;82,4;82,8;83,1;82,7;82,0
Arizona;Uninsured;11,3;10,6;10,1;10,0;10,8;13,6;17,1;17,6;17,2;16,9;17,3;18,0
Arizona;Private;62,7;62,6;63,0;62,2;62,8;61,2;59,9;59,3;59,1;60,4;61,1;63,0
Arizona;..Employer-based;50,6;50,4;50,1;48,7;48,9;48,2;48,1;48,1;48,2;49,0;49,8;51,5
Arizona;..Direct-purchase;12,5;12,8;13,3;13,9;14,2;13,1;12,2;12,8;12,3;12,4;12,5;13,5
Arizona;..TRICARE;3,4;3,3;3,2;3,1;3,3;3,2;3,2;3,3;3,2;3,1;3,0;3,3
Arizona;Public;38,4;39,3;39,2;39,7;38,5;36,6;34,4;34,1;34,8;34,2;32,6;30,7
Arizona;..Medicaid;20,8;22,4;22,5;23,3;22,2;20,9;19,0;19,5;20,6;20,4;19,6;17,5
Arizona;..Medicare;19,7;19,2;18,7;18,5;18,2;17,6;17,0;16,4;15,9;15,4;14,6;14,8
Arizona;..VA Care;3,0;3,0;2,9;2,9;2,9;2,9;2,7;2,7;2,8;2,4;2,6;2,6
Arkansas;Total;100,0;100,0;100,0;100,0;100,0;100,0;100,0;100,0;100,0;100,0;100,0;100,0
Arkansas;Any coverage;90,9;91,8;92,1;92,1;90,5;88,2;84,0;83,6;82,9;82,5;83,0;82,9
Arkansas;Uninsured;9,1;8,2;7,9;7,9;9,5;11,8;16,0;16,4;17,1;17,5;17,0;17,1
Arkansas;Private;59,3;60,4;61,3;62,0;61,3;60,4;58,1;58,7;58,5;58,8;59,9;60,6
Arkansas;..Employer-based;46,8;47,2;46,7;47,6;46,7;47,2;46,2;47,7;47,0;47,0;47,8;48,3
Arkansas;..Direct-purchase;13,1;13,5;14,6;14,7;14,8;13,5;12,2;12,5;13,1;13,3;13,7;14,7
Arkansas;..TRICARE;3,1;3,3;3,7;3,4;3,3;3,1;3,3;3,1;3,1;3,3;3,3;3,5
Arkansas;Public;44,0;44,2;44,4;43,2;42,1;40,2;37,9;36,4;36,6;36,0;35,5;35,2
Arkansas;..Medicaid;26,6;27,1;27,3;26,6;25,5;24,0;21,6;20,8;21,3;20,5;20,5;20,6
Arkansas;..Medicare;20,7;20,5;20,4;19,8;19,8;19,0;19,1;18,4;18,2;17,9;17,6;17,5
Arkansas;..VA Care;3,2;3,1;3,6;3,3;3,5;3,4;3,4;3,4;3,3;3,3;3,6;3,5
California;Total;100,0;100,0;100,0;100,0;100,0;100,0;100,0;100,0;100,0;100,0;100,0;100,0
California;Any coverage;92,3;92,8;92,8;92,7;91,4;87,6;82,8;82,1;81,9;81,5;82,0;82,7
California;Uninsured;7,7;7,2;7,2;7,3;8,6;12,4;17,2;17,9;18,1;18,5;18,0;17,3
California;Private;63,9;63,7;63,6;63,0;62,5;61,8;60,0;60,0;60,2;60,6;62,6;64,6
California;..Employer-based;53,0;52,3;52,0;51,2;50,6;50,5;49,7;50,0;49,9;50,0;51,7;53,6
California;..Direct-purchase;12,1;12,6;12,6;12,7;12,6;11,9;11,0;11,2;11,6;12,0;13,0;13,9
California;..TRICARE;1,7;1,8;1,7;1,8;1,8;1,8;1,8;1,8;1,8;1,8;1,7;1,8
California;Public;37,8;38,4;38,4;38,9;38,0;34,3;31,2;30,5;29,8;29,1;27,7;27,0
California;..Medicaid;25,5;26,4;26,6;27,3;26,6;23,2;20,3;20,0;19,7;19,2;18,0;17,3
California;..Medicare;15,6;15,2;15,1;14,9;14,5;14,0;13,6;13,2;12,7;12,6;12,3;12,3
California;..VA Care;1,5;1,6;1,5;1,6;1,5;1,5;1,5;1,5;1,4;1,4;1,4;1,4
Colorado;Total;100,0;100,0;100,0;100,0;100,0;100,0;100,0;100,0;100,0;100,0;100,0;100,0
Colorado;Any coverage;92,0;92,5;92,5;92,5;91,9;89,7;85,9;85,3;84,9;84,1;84,2;83,3
Colorado;Uninsured;8,0;7,5;7,5;7,5;8,1;10,3;14,1;14,7;15,1;15,9;15,8;16,7
Colorado;Private;70,9;70,7;70,0;70,2;70,4;69,7;68,9;68,7;69,4;69,8;71,3;72,5
Colorado;..Employer-based;57,4;56,9;55,4;55,3;54,9;54,8;54,3;54,9;55,4;55,4;57,3;58,9
Colorado;..Direct-purchase;13,3;13,8;13,9;14,2;14,9;13,9;13,7;13,5;14,1;14,5;14,7;15,4
Colorado;..TRICARE;4,1;4,0;4,3;4,1;4,1;4,1;4,5;4,2;4,0;3,9;3,9;3,7
Colorado;Public;31,5;32,7;33,2;32,8;32,0;30,2;26,9;26,3;25,1;23,8;22,4;20,4
Colorado;..Medicaid;17,1;18,6;19,5;19,4;19,1;17,5;14,5;14,5;13,8;12,9;11,7;10,2
Colorado;..Medicare;15,6;15,3;15,1;14,8;14,3;13,9;13,6;13,0;12,6;12,2;11,8;11,5
Colorado;..VA Care;2,5;2,4;2,5;2,4;2,3;2,2;2,2;2,0;2,1;1,9;1,9;1,8
Connecticut;Total;100,0;100,0;100,0;100,0;100,0;100,0;100,0;100,0;100,0;100,0;100,0;100,0
Connecticut;Any coverage;94,1;94,7;94,5;95,1;94,0;93,1;90,6;90,9;91,2;90,9;91,2;91,2
Connecticut;Uninsured;5,9;5,3;5,5;4,9;6,0;6,9;9,4;9,1;8,8;9,1;8,8;8,8
Connecticut;Private;69,4;71,0;71,4;71,9;71,9;71,2;70,7;72,0;73,1;74,0;76,2;78,4
Connecticut;..Employer-based;59,2;60,3;60,1;60,4;60,7;60,5;61,0;62,9;63,7;64,5;66,4;69,0
Connecticut;..Direct-purchase;12,0;12,8;13,3;13,2;12,9;12,3;11,6;12,2;12,5;13,0;13,6;14,5
Connecticut;..TRICARE;1,4;1,3;1,3;1,3;1,2;1,3;1,4;1,3;1,3;1,2;1,1;1,2
Connecticut;Public;37,1;35,8;35,2;35,0;33,5;33,2;31,2;30,4;29,5;28,4;26,4;25,1
Connecticut;..Medicaid;21,8;20,6;20,5;20,5;19,6;19,2;17,3;17,0;16,3;15,1;13,6;12,6
Connecticut;..Medicare;18,4;18,0;17,8;17,2;16,7;16,4;16,2;15,8;15,4;15,2;14,6;14,5
Connecticut;..VA Care;1,6;1,6;1,5;1,5;1,5;1,6;1,7;1,8;1,7;1,7;1,7;1,8
Delaware;Total;100,0;100,0;100,0;100,0;100,0;100,0;100,0;100,0;100,0;100,0;100,0;100,0
Delaware;Any coverage;93,4;94,3;94,6;94,3;94,1;92,2;90,9;91,2;90,6;90,3;89,8;90,0
Delaware;Uninsured;6,6;5,7;5,4;5,7;5,9;7,8;9,1;8,8;9,4;9,7;10,2;10,0
Delaware;Private;70,9;70,6;73,6;71,4;71,3;71,1;69,9;70,5;70,3;70,9;72,4;74,8
Delaware;..Employer-based;59,4;59,7;62,3;60,3;60,5;61,1;60,7;61,8;62,3;61,9;64,3;66,2
Delaware;..Direct-purchase;13,6;13,2;12,5;12,8;11,5;11,1;10,8;10,6;11,3;11,9;10,9;13,4
Delaware;..TRICARE;4,4;2,8;3,7;3,1;3,6;3,9;3,5;3,3;3,2;3,4;3,4;3,4
Delaware;Public;39,5;39,8;36,5;37,1;37,4;35,5;35,6;35,2;33,9;33,1;31,0;28,9
Delaware;..Medicaid;20,8;21,4;18,5;20,3;20,6;18,9;19,8;20,1;19,3;18,6;17,0;15,5
Delaware;..Medicare;21,6;20,8;20,1;19,3;19,2;18,6;18,4;17,5;16,9;16,5;16,1;15,9
Delaware;..VA Care;2,5;2,0;2,3;1,8;1,9;2,0;1,7;1,7;1,8;1,8;2,0;2,2
District of Columbia;Total;100,0;100,0;100,0;100,0;100,0;100,0;100,0;100,0;100,0;100,0;100,0;100,0
District of Columbia;Any coverage;96,5;96,8;96,2;96,1;96,2;94,7;93,3;94,1;93,1;92,4;93,0;92,4
District of Columbia;Uninsured;3,5;3,2;3,8;3,9;3,8;5,3;6,7;5,9;6,9;7,6;7,0;7,6
District of Columbia;Private;72,6;70,4;70,1;68,4;70,5;68,0;68,8;69,5;70,7;69,8;67,9;69,9
District of Columbia;..Employer-based;61,4;59,3;58,2;57,3;58,7;57,0;59,6;60,0;62,4;60,9;58,6;60,9
District of Columbia;..Direct-purchase;13,0;13,3;15,4;12,6;14,2;13,0;11,6;13,9;14,7;19,4;17,4;16,0
District of Columbia;..TRICARE;2,1;1,8;2,3;2,0;1,7;2,0;1,5;2,1;1,6;1,5;1,3;1,3
District of Columbia;Public;34,2;35,8;36,1;37,1;35,0;36,5;35,3;35,7;34,2;34,9;35,7;32,9
District of Columbia;..Medicaid;24,8;26,7;27,0;28,3;25,9;27,9;26,3;26,7;25,5;25,4;26,5;24,0
District of Columbia;..Medicare;13,2;13,3;13,6;12,8;12,5;12,0;12,6;12,4;11,8;12,5;12,3;11,9
District of Columbia;..VA Care;1,4;1,1;1,4;1,7;1,4;1,7;1,5;1,7;1,4;1,6;1,6;1,6
Florida;Total;100,0;100,0;100,0;100,0;100,0;100,0;100,0;100,0;100,0;100,0;100,0;100,0
Florida;Any coverage;86,8;87,0;87,1;87,5;86,7;83,4;80,0;79,9;79,1;78,7;79,1;79,8
Florida;Uninsured;13,2;13,0;12,9;12,5;13,3;16,6;20,0;20,1;20,9;21,3;20,9;20,2
Florida;Private;62,5;62,3;62,1;62,4;61,8;59,0;56,8;57,2;57,6;58,7;60,8;63,8
Florida;..Employer-based;45,8;45,5;45,0;44,9;44,3;43,9;43,7;44,9;45,4;45,8;47,8;50,7
Florida;..Direct-purchase;16,9;17,0;17,1;17,6;17,2;14,8;12,8;13,0;13,0;14,0;14,6;15,7
Florida;..TRICARE;3,6;3,5;3,6;3,5;3,6;3,6;3,6;3,5;3,5;3,5;3,4;3,5
Florida;Public;36,8;37,1;37,3;37,6;37,3;36,3;35,0;34,6;33,3;32,2;31,0;29,1
Florida;..Medicaid;17,3;18,2;18,6;19,0;19,0;18,3;17,4;17,4;16,5;15,5;14,7;12,8
Florida;..Medicare;22,6;22,1;21,7;21,6;21,2;20,9;20,4;19,9;19,4;19,0;18,8;18,8
Florida;..VA Care;2,9;3,0;3,0;3,0;3,0;2,9;2,8;3,0;2,9;2,9;2,9;3,0
Georgia;Total;100,0;100,0;100,0;100,0;100,0;100,0;100,0;100,0;100,0;100,0;100,0;100,0
Georgia;Any coverage;86,6;86,3;86,6;87,1;86,1;84,2;81,2;81,6;80,4;80,3;80,9;81,8
Georgia;Uninsured;13,4;13,7;13,4;12,9;13,9;15,8;18,8;18,4;19,6;19,7;19,1;18,2
Georgia;Private;65,8;65,8;66,1;66,3;65,3;63,2;61,5;62,0;61,7;62,3;64,0;65,8
Georgia;..Employer-based;54,2;53,9;53,7;52,7;52,3;51,8;51,0;52,0;51,6;52,0;53,9;55,3
Georgia;..Direct-purchase;11,8;11,9;12,4;13,5;12,8;10,9;10,2;10,5;10,5;11,2;11,6;12,4
Georgia;..TRICARE;4,0;3,9;4,1;4,0;3,9;4,0;4,1;4,2;4,1;3,9;3,6;3,8
Georgia;Public;31,4;31,2;30,7;31,3;30,9;30,4;29,1;28,8;27,7;27,0;25,9;25,1
Georgia;..Medicaid;17,2;17,4;17,4;18,0;18,0;17,9;17,0;17,2;16,4;16,1;15,3;14,9
Georgia;..Medicare;16,4;15,9;15,5;15,4;14,8;14,6;14,0;13,6;13,1;12,7;12,2;12,0
Georgia;..VA Care;2,5;2,5;2,4;2,5;2,3;2,2;2,2;2,1;2,1;1,9;1,9;1,8
Hawaii;Total;100,0;100,0;100,0;100,0;100,0;100,0;100,0;100,0;100,0;100,0;100,0;100,0
Hawaii;Any coverage;95,8;95,9;96,2;96,5;96,0;94,7;93,3;93,1;92,9;92,1;93,0;93,5
Hawaii;Uninsured;4,2;4,1;3,8;3,5;4,0;5,3;6,7;6,9;7,1;7,9;7,0;6,5
Hawaii;Private;76,1;76,3;77,0;77,2;76,5;75,4;75,6;75,5;75,7;76,3;78,8;81,9
Hawaii;..Employer-based;63,9;62,9;63,3;63,8;63,1;62,5;61,8;61,4;62,8;63,5;65,6;69,0
Hawaii;..Direct-purchase;12,9;12,2;12,2;12,2;11,7;10,8;11,2;13,1;14,9;17,0;15,6;18,2
Hawaii;..TRICARE;7,8;9,2;9,0;9,1;9,0;9,4;9,7;9,4;8,9;7,6;8,6;8,1
Hawaii;Public;36,3;35,2;35,2;34,1;33,5;33,3;31,5;31,1;30,2;29,5;28,5;26,1
Hawaii;..Medicaid;18,0;17,7;17,9;17,7;17,8;17,6;16,4;16,6;16,3;15,6;14,6;12,3
Hawaii;..Medicare;20,2;19,3;18,6;17,9;17,4;17,1;16,9;16,0;15,9;15,7;15,5;16,0
Hawaii;..VA Care;2,5;2,8;2,7;2,5;2,3;2,3;2,2;1,9;1,7;2,0;2,0;1,8
Idaho;Total;100,0;100,0;100,0;100,0;100,0;100,0;100,0;100,0;100,0;100,0;100,0;100,0
Idaho;Any coverage;89,2;88,9;89,9;89,9;89,0;86,4;83,8;83,8;83,5;82,3;82,6;82,8
Idaho;Uninsured;10,8;11,1;10,1;10,1;11,0;13,6;16,2;16,2;16,5;17,7;17,4;17,2
Idaho;Private;70,0;69,7;69,8;70,1;69,6;68,4;66,5;66,3;66,9;67,4;67,9;70,5
Idaho;..Employer-based;53,2;52,2;52,8;51,7;51,2;50,7;51,4;51,7;51,1;52,1;52,8;55,4
Idaho;..Direct-purchase;17,4;17,8;17,0;19,2;18,8;17,9;15,7;17,2;17,1;16,6;17,0;18,2
Idaho;..TRICARE;3,6;3,7;3,5;3,2;3,0;3,5;3,2;2,8;3,3;3,3;3,3;3,1
Idaho;Public;32,5;32,5;33,5;32,6;32,4;30,8;29,7;29,6;28,5;26,9;26,3;24,6
Idaho;..Medicaid;16,0;16,5;18,0;17,6;17,4;16,0;15,2;15,7;15,1;13,7;13,6;12,2
Idaho;..Medicare;18,0;18,1;17,4;17,0;16,8;16,1;15,7;15,3;14,7;14,4;13,7;13,3
Idaho;..VA Care;3,2;3,3;3,2;3,1;3,0;3,0;3,1;2,8;2,7;2,7;2,7;2,7
Illinois;Total;100,0;100,0;100,0;100,0;100,0;100,0;100,0;100,0;100,0;100,0;100,0;100,0
Illinois;Any coverage;92,6;93,0;93,2;93,5;92,9;90,3;87,3;87,2;86,9;86,2;86,7;87,6
Illinois;Uninsured;7,4;7,0;6,8;6,5;7,1;9,7;12,7;12,8;13,1;13,8;13,3;12,4
Illinois;Private;70,1;70,2;69,9;70,4;69,8;68,2;66,8;67,3;66,8;67,4;68,8;71,7
Illinois;..Employer-based;59,8;59,3;58,7;58,5;58,0;57,3;57,0;58,0;57,7;57,8;59,4;62,1
Illinois;..Direct-purchase;12,3;12,8;13,1;13,9;13,5;12,7;11,7;12,0;11,5;12,2;12,2;13,6
Illinois;..TRICARE;1,2;1,1;1,1;1,1;1,2;1,1;1,1;1,2;1,1;1,1;1,1;1,1
Illinois;Public;33,5;33,9;34,2;34,0;33,8;32,5;31,0;30,5;30,3;29,2;28,3;26,6
Illinois;..Medicaid;18,2;19,2;20,0;20,2;20,3;19,3;18,1;17,9;18,1;17,2;16,8;15,4
Illinois;..Medicare;17,2;16,6;16,2;15,8;15,4;15,1;14,7;14,3;13,9;13,6;13,3;13,2
Illinois;..VA Care;1,7;1,7;1,7;1,7;1,7;1,7;1,6;1,7;1,6;1,6;1,7;1,7
Indiana;Total;100,0;100,0;100,0;100,0;100,0;100,0;100,0;100,0;100,0;100,0;100,0;100,0
Indiana;Any coverage;91,3;91,7;91,8;91,9;90,4;88,1;86,0;85,7;85,5;85,2;85,7;86,6
Indiana;Uninsured;8,7;8,3;8,2;8,1;9,6;11,9;14,0;14,3;14,5;14,8;14,3;13,4
Indiana;Private;69,5;70,2;70,7;70,8;70,5;69,0;67,6;67,8;67,7;68,2;70,3;72,7
Indiana;..Employer-based;58,8;59,3;59,0;58,6;58,7;58,2;57,5;58,7;58,4;58,1;60,6;63,1
Indiana;..Direct-purchase;12,2;12,9;13,4;14,0;13,4;12,4;11,9;11,7;11,8;12,7;12,7;13,7
Indiana;..TRICARE;1,7;1,7;1,5;1,5;1,5;1,4;1,4;1,5;1,6;1,4;1,4;1,5
Indiana;Public;33,7;33,8;33,5;33,3;31,8;30,6;29,9;29,3;29,0;28,5;27,0;25,8
Indiana;..Medicaid;17,7;18,0;18,0;18,1;16,8;15,9;15,7;15,3;15,6;15,0;14,1;13,1
Indiana;..Medicare;18,0;17,6;17,4;17,2;16,7;16,4;16,1;15,6;15,0;14,8;14,3;14,2
Indiana;..VA Care;2,2;2,4;2,3;2,3;2,2;2,3;2,3;2,2;2,3;2,2;2,1;2,2
Iowa;Total;100,0;100,0;100,0;100,0;100,0;100,0;100,0;100,0;100,0;100,0;100,0;100,0
Iowa;Any coverage;95,0;95,3;95,3;95,7;95,0;93,8;91,9;91,6;91,1;90,7;91,4;91,3
Iowa;Uninsured;5,0;4,7;4,7;4,3;5,0;6,2;8,1;8,4;8,9;9,3;8,6;8,7
Iowa;Private;73,2;74,8;75,8;75,3;76,2;75,6;74,8;75,6;75,5;75,7;77,9;78,8
Iowa;..Employer-based;60,1;60,3;60,8;60,1;60,4;60,2;60,2;61,2;61,3;61,1;63,1;64,1
Iowa;..Direct-purchase;14,8;16,8;16,9;17,1;17,9;17,2;16,5;17,9;17,5;18,0;18,6;19,4
Iowa;..TRICARE;1,8;1,8;1,7;1,7;1,7;1,6;1,6;1,7;1,6;1,6;1,5;1,6
Iowa;Public;36,1;35,4;33,9;34,6;33,6;32,3;31,1;30,3;29,7;29,5;28,0;26,8
Iowa;..Medicaid;19,4;19,2;18,1;19,1;18,4;17,3;16,3;15,9;15,6;15,5;14,4;13,4
Iowa;..Medicare;18,9;18,2;17,8;17,6;17,4;17,1;16,9;16,7;16,3;16,1;15,7;15,7
Iowa;..VA Care;2,6;2,7;2,4;2,5;2,7;2,6;2,7;2,7;2,7;2,6;2,6;2,7
Kansas;Total;100,0;100,0;100,0;100,0;100,0;100,0;100,0;100,0;100,0;100,0;100,0;100,0
Kansas;Any coverage;90,8;91,2;91,3;91,3;90,9;89,8;87,7;87,4;87,4;86,1;86,8;88,6
Kansas;Uninsured;9,2;8,8;8,7;8,7;9,1;10,2;12,3;12,6;12,6;13,9;13,2;11,4
Kansas;Private;74,4;74,3;74,5;75,1;74,8;73,6;72,2;72,3;72,9;73,0;73,9;77,0
Kansas;..Employer-based;59,6;59,2;58,6;58,0;58,2;57,7;56,7;58,1;58,8;58,5;59,6;63,1
Kansas;..Direct-purchase;15,6;15,8;16,7;17,5;17,3;16,4;15,6;14,6;15,1;15,6;15,6;16,3
Kansas;..TRICARE;3,8;4,0;3,9;4,1;3,7;3,8;3,9;4,1;3,6;3,7;3,7;3,6
Kansas;Public;29,6;29,8;29,6;29,2;28,5;28,5;27,7;27,0;26,1;25,1;24,8;24,1
Kansas;..Medicaid;13,3;13,9;14,1;14,1;13,9;14,2;13,7;13,1;13,0;12,1;11,9;11,3
Kansas;..Medicare;17,8;17,4;16,9;16,7;16,1;16,1;15,6;15,3;14,8;14,7;14,3;14,2
Kansas;..VA Care;2,4;2,6;2,7;2,5;2,5;2,5;2,4;2,4;2,4;2,3;2,5;2,3
Kentucky;Total;100,0;100,0;100,0;100,0;100,0;100,0;100,0;100,0;100,0;100,0;100,0;100,0
Kentucky;Any coverage;93,6;94,4;94,6;94,9;94,0;91,5;85,7;86,1;85,6;84,7;85,5;86,8
Kentucky;Uninsured;6,4;5,6;5,4;5,1;6,0;8,5;14,3;13,9;14,4;15,3;14,5;13,2
Kentucky;Private;63,7;64,2;64,5;65,3;65,0;65,3;64,2;64,5;64,1;64,2;65,6;67,9
Kentucky;..Employer-based;52,9;53,3;53,3;53,4;53,3;53,7;54,0;54,3;54,0;53,5;55,3;57,3
Kentucky;..Direct-purchase;11,7;11,8;12,0;12,4;12,5;12,4;11,5;11,9;12,0;12,4;12,4;13,9
Kentucky;..TRICARE;2,8;2,9;2,8;3,0;2,9;2,8;2,7;3,0;2,7;2,7;2,6;2,7
Kentucky;Public;43,2;43,5;43,2;43,0;42,1;39,3;33,7;33,4;33,4;32,6;31,8;31,7
Kentucky;..Medicaid;25,9;26,9;27,0;26,7;26,2;23,8;18,3;18,7;18,9;18,5;18,1;18,1
Kentucky;..Medicare;20,5;19,7;19,5;19,2;19,0;18,5;17,9;17,5;17,3;16,8;16,3;16,4
Kentucky;..VA Care;2,7;2,8;3,0;2,8;2,7;2,6;2,8;2,8;2,8;2,7;2,6;2,8
Louisiana;Total;100,0;100,0;100,0;100,0;100,0;100,0;100,0;100,0;100,0;100,0;100,0;100,0
Louisiana;Any coverage;91,1;92,0;91,6;89,7;88,1;85,2;83,4;83,1;82,5;82,2;82,6;83,0
Louisiana;Uninsured;8,9;8,0;8,4;10,3;11,9;14,8;16,6;16,9;17,5;17,8;17,4;17,0
Louisiana;Private;57,8;59,1;60,3;61,4;62,5;60,2;59,1;58,9;58,6;58,4;60,7;61,6
Louisiana;..Employer-based;47,6;48,3;49,1;48,8;50,2;49,3;49,0;48,5;48,3;48,2;50,4;51,2
Louisiana;..Direct-purchase;11,2;11,7;12,0;13,2;12,6;11,5;11,1;12,2;12,1;12,0;12,4;13,9
Louisiana;..TRICARE;2,7;2,9;2,7;2,6;2,8;2,8;2,5;2,8;2,5;2,3;2,7;2,6
Louisiana;Public;44,3;44,4;42,6;39,6;36,3;35,1;34,5;34,8;34,0;34,0;32,0;32,0
Louisiana;..Medicaid;29,1;29,4;28,5;25,5;22,6;21,9;21,8;22,1;21,7;21,8;20,0;20,4
Louisiana;..Medicare;18,7;18,1;17,4;17,3;16,8;16,2;15,7;15,4;15,2;14,8;14,6;14,4
Louisiana;..VA Care;2,2;2,3;2,2;2,1;2,3;2,2;2,2;2,4;2,1;2,2;2,3;2,2
Maine;Total;100,0;100,0;100,0;100,0;100,0;100,0;100,0;100,0;100,0;100,0;100,0;100,0
Maine;Any coverage;92,0;92,0;91,9;92,0;91,6;89,9;88,8;89,8;89,3;89,9;89,5;89,6
Maine;Uninsured;8,0;8,0;8,1;8,0;8,4;10,1;11,2;10,2;10,7;10,1;10,5;10,4
Maine;Private;69,5;70,1;70,5;70,3;68,8;66,5;64,9;65,3;65,7;66,5;67,9;69,5
Maine;..Employer-based;54,8;55,3;55,2;54,7;53,4;53,0;53,1;53,6;54,3;55,0;55,8;57,6
Maine;..Direct-purchase;15,0;15,3;15,9;16,3;15,5;13,5;11,9;13,3;12,4;12,7;13,5;15,3
Maine;..TRICARE;3,6;3,2;3,3;3,4;3,2;3,3;3,4;3,0;3,2;3,2;3,1;3,1
Maine;Public;38,6;37,3;36,2;36,4;37,4;37,9;38,8;39,2;37,7;37,2;36,0;35,1
Maine;..Medicaid;19,5;18,5;17,8;19,2;20,1;20,9;22,5;23,6;23,0;22,9;21,7;21,2
Maine;..Medicare;23,7;23,1;22,7;22,1;21,9;21,1;20,5;19,9;18,9;18,5;18,1;17,8
Maine;..VA Care;3,3;4,0;3,6;3,1;3,4;3,6;3,4;3,3;3,5;3,3;3,2;3,2
Maryland;Total;100,0;100,0;100,0;100,0;100,0;100,0;100,0;100,0;100,0;100,0;100,0;100,0
Maryland;Any coverage;94,0;94,0;93,9;93,9;93,4;92,1;89,8;89,7;89,6;88,7;88,9;89,2
Maryland;Uninsured;6,0;6,0;6,1;6,1;6,6;7,9;10,2;10,3;10,4;11,3;11,1;10,8
Maryland;Private;74,0;74,0;74,3;74,5;74,1;73,6;73,6;73,5;74,0;74,2;76,0;78,1
Maryland;..Employer-based;63,1;63,0;63,5;62,8;62,6;62,9;63,4;63,8;64,4;64,3;65,9;68,6
Maryland;..Direct-purchase;12,3;12,4;12,0;12,9;12,7;12,3;11,5;11,8;12,0;12,0;12,8;15,0
Maryland;..TRICARE;3,9;3,8;3,5;3,6;3,7;3,5;3,8;3,6;3,5;3,5;3,6;3,5
Maryland;Public;33,5;33,3;32,2;31,9;31,5;30,7;28,2;27,6;26,6;25,7;24,1;22,6
Maryland;..Medicaid;18,4;18,8;17,9;18,0;17,9;17,4;15,3;15,1;14,6;14,1;12,6;11,4
Maryland;..Medicare;17,1;16,6;16,0;15,8;15,3;14,9;14,4;14,0;13,6;13,2;13,1;12,9
Maryland;..VA Care;1,9;2,0;2,0;1,9;1,8;1,8;1,9;1,9;1,7;1,7;1,8;1,8
Massachusetts;Total;100,0;100,0;100,0;100,0;100,0;100,0;100,0;100,0;100,0;100,0;100,0;100,0
Massachusetts;Any coverage;97,0;97,2;97,2;97,5;97,2;96,7;96,3;96,1;95,7;95,6;95,8;96,1
Massachusetts;Uninsured;3,0;2,8;2,8;2,5;2,8;3,3;3,7;3,9;4,3;4,4;4,2;3,9
Massachusetts;Private;74,3;74,0;73,8;73,9;73,4;73,5;74,5;74,8;75,0;76,0;77,8;80,1
Massachusetts;..Employer-based;63,1;62,8;62,8;63,0;63,0;63,7;64,6;65,3;65,3;66,1;68,0;69,9
Massachusetts;..Direct-purchase;14,1;13,9;13,3;13,5;13,0;12,2;12,3;12,8;13,2;13,6;13,8;15,5
Massachusetts;..TRICARE;1,2;1,1;1,2;1,2;1,1;1,1;1,1;1,1;1,1;1,0;1,1;1,1
Massachusetts;Public;36,1;36,6;36,7;36,5;36,6;35,5;34,0;33,5;32,8;31,7;30,5;28,7
Massachusetts;..Medicaid;22,0;23,0;23,1;23,5;23,6;22,8;21,7;21,5;21,0;20,1;19,1;17,5
Massachusetts;..Medicare;17,9;17,4;16,9;16,7;16,5;16,2;15,9;15,6;15,2;14,8;14,6;14,3
Massachusetts;..VA Care;1,4;1,4;1,6;1,5;1,5;1,5;1,4;1,5;1,6;1,4;1,5;1,6
Michigan;Total;100,0;100,0;100,0;100,0;100,0;100,0;100,0;100,0;100,0;100,0;100,0;100,0
Michigan;Any coverage;94,2;94,6;94,8;94,6;93,9;91,5;89,0;88,6;88,2;87,6;87,8;89,0
Michigan;Uninsured;5,8;5,4;5,2;5,4;6,1;8,5;11,0;11,4;11,8;12,4;12,2;11,0
Michigan;Private;71,0;71,1;71,4;71,2;71,0;70,5;69,1;68,7;68,4;68,6;69,9;73,1
Michigan;..Employer-based;60,5;60,5;60,7;59,9;59,9;59,6;59,4;59,7;59,3;59,5;60,9;64,4
Michigan;..Direct-purchase;13,1;13,0;13,1;13,7;13,3;12,8;11,9;12,2;12,2;12,5;12,7;13,1
Michigan;..TRICARE;1,3;1,3;1,3;1,3;1,2;1,2;1,2;1,1;1,1;1,1;1,1;1,0
Michigan;Public;38,8;39,1;38,6;38,7;38,1;35,8;34,5;34,1;33,9;33,2;31,6;29,6
Michigan;..Medicaid;21,8;22,5;22,5;22,8;22,5;20,6;19,6;19,6;20,0;19,4;18,4;17,0
Michigan;..Medicare;20,1;19,6;19,0;18,8;18,6;18,2;17,6;17,2;16,6;16,2;15,6;15,0
Michigan;..VA Care;2,0;2,1;2,0;2,1;2,0;1,9;1,9;1,9;1,8;1,7;1,7;1,6
Minnesota;Total;100,0;100,0;100,0;100,0;100,0;100,0;100,0;100,0;100,0;100,0;100,0;100,0
Minnesota;Any coverage;95,1;95,6;95,6;95,9;95,5;94,1;91,8;92,0;91,2;90,9;90,9;91,6
Minnesota;Uninsured;4,9;4,4;4,4;4,1;4,5;5,9;8,2;8,0;8,8;9,1;9,1;8,4
Minnesota;Private;75,9;76,1;76,0;76,8;76,4;76,6;76,1;76,4;75,5;76,6;77,5;79,8
Minnesota;..Employer-based;62,6;62,3;62,6;61,8;61,1;61,9;62,3;63,4;62,5;63,1;64,4;66,9
Minnesota;..Direct-purchase;15,2;15,8;15,3;17,0;17,1;16,6;15,7;15,8;15,7;16,2;16,5;17,0
Minnesota;..TRICARE;1,4;1,4;1,4;1,5;1,4;1,3;1,4;1,5;1,3;1,3;1,1;1,2
Minnesota;Public;32,9;33,2;33,0;32,8;32,5;30,6;28,1;27,9;27,5;26,9;25,6;23,9
Minnesota;..Medicaid;17,3;18,0;17,9;18,1;18,2;16,6;14,5;14,5;14,6;14,2;13,4;12,2
Minnesota;..Medicare;17,1;16,7;16,5;16,2;15,8;15,3;14,9;14,8;14,2;14,1;13,7;13,3
Minnesota;..VA Care;2,3;2,5;2,6;2,5;2,5;2,5;2,5;2,4;2,3;2,3;2,2;2,1
Mississippi;Total;100,0;100,0;100,0;100,0;100,0;100,0;100,0;100,0;100,0;100,0;100,0;100,0
Mississippi;Any coverage;87,0;87,9;88,0;88,2;87,3;85,5;82,9;83,0;82,3;81,8;82,1;83,0
Mississippi;Uninsured;13,0;12,1;12,0;11,8;12,7;14,5;17,1;17,0;17,7;18,2;17,9;17,0
Mississippi;Private;58,7;60,5;60,3;60,2;58,7;58,4;56,0;56,2;56,3;56,5;57,7;60,6
Mississippi;..Employer-based;46,1;47,9;46,7;46,8;45,3;45,5;45,0;45,3;45,2;45,3;46,5;49,1
Mississippi;..Direct-purchase;12,3;12,7;13,3;13,0;13,1;12,6;11,0;12,2;11,7;12,1;12,7;14,4
Mississippi;..TRICARE;4,0;3,7;4,3;3,9;3,7;3,4;3,8;3,4;3,5;3,6;3,8;3,4
Mississippi;Public;39,4;38,9;39,3;39,4;39,9;38,0;37,7;37,6;36,2;36,1;34,9;33,5
Mississippi;..Medicaid;24,0;23,4;24,4;24,6;25,6;24,2;24,0;24,3;23,3;23,2;22,5;21,5
Mississippi;..Medicare;19,7;19,5;19,2;18,6;18,5;18,1;17,5;17,3;16,7;16,5;16,0;15,7
Mississippi;..VA Care;2,4;2,4;2,8;2,8;2,5;2,5;2,6;2,5;2,6;2,5;2,7;2,7
Missouri;Total;100,0;100,0;100,0;100,0;100,0;100,0;100,0;100,0;100,0;100,0;100,0;100,0
Missouri;Any coverage;90,0;90,6;90,9;91,1;90,2;88,3;87,0;86,4;86,3;86,8;86,8;87,6
Missouri;Uninsured;10,0;9,4;9,1;8,9;9,8;11,7;13,0;13,6;13,7;13,2;13,2;12,4
Missouri;Private;69,7;70,3;70,6;71,3;71,0;69,2;68,4;67,5;68,4;69,1;70,3;71,9
Missouri;..Employer-based;57,1;57,4;56,9;57,2;56,8;55,8;56,1;55,9;56,7;56,7;58,6;60,3
Missouri;..Direct-purchase;13,3;13,7;14,4;15,2;15,1;14,3;13,3;13,4;13,4;14,2;13,9;14,5
Missouri;..TRICARE;2,7;2,6;2,6;2,5;2,6;2,6;2,6;2,7;2,6;2,6;2,4;2,4
Missouri;Public;32,2;32,7;32,4;31,5;31,1;30,6;30,6;30,8;29,5;29,5;28,6;28,0
Missouri;..Medicaid;14,5;15,2;15,0;14,7;14,9;14,3;14,8;15,5;14,7;15,0;14,8;14,4
Missouri;..Medicare;19,5;19,4;19,1;18,7;18,1;18,1;17,4;17,1;16,6;16,3;16,0;15,6
Missouri;..VA Care;2,7;2,8;2,8;2,8;2,7;2,8;2,8;2,8;2,6;2,7;2,4;2,5
Montana;Total;100,0;100,0;100,0;100,0;100,0;100,0;100,0;100,0;100,0;100,0;100,0;100,0
Montana;Any coverage;91,7;91,8;91,5;91,9;88,4;85,8;83,5;82,0;81,7;82,7;81,8;82,5
Montana;Uninsured;8,3;8,2;8,5;8,1;11,6;14,2;16,5;18,0;18,3;17,3;18,2;17,5
Montana;Private;66,3;66,6;67,2;68,4;69,7;66,9;65,1;63,5;65,4;67,6;67,0;68,8
Montana;..Employer-based;48,6;48,7;48,5;49,4;50,1;49,0;49,2;48,3;49,6;50,8;51,4;53,2
Montana;..Direct-purchase;18,5;17,8;18,7;19,0;19,7;18,6;16,7;17,0;18,0;18,4;17,9;18,6
Montana;..TRICARE;3,8;4,0;3,4;3,9;3,5;3,1;3,2;3,4;3,5;3,8;3,5;3,8
Montana;Public;40,6;40,2;38,6;37,8;33,0;32,1;31,9;31,5;29,5;28,4;27,5;26,6
Montana;..Medicaid;21,0;21,3;20,4;19,8;14,9;14,9;14,8;14,9;13,2;12,7;12,1;11,7
Montana;..Medicare;21,3;20,7;19,6;20,0;19,2;18,8;18,1;17,8;17,1;16,5;16,1;15,8
Montana;..VA Care;4,2;3,9;4,2;4,2;3,8;3,6;3,8;4,1;4,0;3,6;3,7;3,8
Nebraska;Total;100,0;100,0;100,0;100,0;100,0;100,0;100,0;100,0;100,0;100,0;100,0;100,0
Nebraska;Any coverage;91,7;91,7;91,7;91,4;91,8;90,3;88,7;88,7;88,6;88,5;88,1;89,2
Nebraska;Uninsured;8,3;8,3;8,3;8,6;8,2;9,7;11,3;11,3;11,4;11,5;11,9;10,8
Nebraska;Private;75,2;75,1;75,9;76,0;76,4;75,0;73,7;73,8;73,8;74,3;75,1;77,7
Nebraska;..Employer-based;60,1;59,4;59,7;58,9;58,9;58,1;57,9;58,5;57,9;58,0;59,7;62,4
Nebraska;..Direct-purchase;16,7;16,5;17,0;18,1;18,3;17,8;16,9;16,4;17,2;17,7;17,5;18,5
Nebraska;..TRICARE;3,3;3,6;3,3;3,1;3,1;3,3;3,2;3,4;3,4;3,0;3,0;3,1
Nebraska;Public;28,3;28,8;27,8;27,3;27,3;27,3;26,8;26,7;26,6;26,5;25,3;24,0
Nebraska;..Medicaid;12,8;13,5;13,0;13,0;12,8;13,1;13,0;13,1;13,2;13,3;12,2;10,9
Nebraska;..Medicare;17,1;16,8;16,3;15,9;15,9;15,5;15,2;15,1;14,9;14,5;14,3;14,3
Nebraska;..VA Care;2,7;2,9;2,7;2,9;2,8;2,9;2,8;2,8;2,9;2,7;3,0;2,8
Nevada;Total;100,0;100,0;100,0;100,0;100,0;100,0;100,0;100,0;100,0;100,0;100,0;100,0
Nevada;Any coverage;88,6;88,8;88,8;88,6;87,7;84,8;79,3;77,8;78,1;77,4;78,1;79,3
Nevada;Uninsured;11,4;11,2;11,2;11,4;12,3;15,2;20,7;22,2;21,9;22,6;21,9;20,7
Nevada;Private;65,0;64,9;64,9;64,7;64,5;64,3;62,3;61,5;63,2;63,5;66,1;68,6
Nevada;..Employer-based;53,8;53,5;53,9;52,6;52,7;53,8;53,4;51,9;54,3;53,9;56,7;60,0
Nevada;..Direct-purchase;11,2;11,3;10,9;11,9;11,4;10,5;9,1;10,7;9,8;11,6;12,9;13,4
Nevada;..TRICARE;3,6;3,5;3,3;3,7;3,6;3,5;3,5;3,4;3,7;3,6;3,3;3,5
Nevada;Public;33,8;34,9;34,2;34,5;33,5;30,7;26,4;25,9;24,6;23,4;21,5;20,6
Nevada;..Medicaid;17,8;19,2;18,9;19,6;18,6;16,4;12,7;12,5;11,8;11,0;9,6;9,0
Nevada;..Medicare;17,5;17,1;16,7;16,4;16,3;15,6;14,9;14,3;13,9;13,4;12,7;12,6
Nevada;..VA Care;3,1;3,4;2,9;3,3;3,1;3,0;3,0;3,0;2,8;2,6;2,6;2,6
New Hampshire;Total;100,0;100,0;100,0;100,0;100,0;100,0;100,0;100,0;100,0;100,0;100,0;100,0
New Hampshire;Any coverage;93,7;94,3;94,2;94,1;93,7;90,8;89,3;89,4;89,5;88,9;89,8;89,5
New Hampshire;Uninsured;6,3;5,7;5,8;5,9;6,3;9,2;10,7;10,6;10,5;11,1;10,2;10,5
New Hampshire;Private;75,6;75,8;76,7;76,5;77,4;76,2;74,8;75,3;75,9;76,3;77,8;78,8
New Hampshire;..Employer-based;62,4;63,6;63,8;64,0;64,9;64,2;64,3;65,4;66,3;65,9;68,0;69,1
New Hampshire;..Direct-purchase;14,1;13,4;14,4;13,7;13,9;12,9;11,5;11,7;11,0;12,3;12,0;13,0
New Hampshire;..TRICARE;2,3;2,5;2,2;2,4;2,4;2,4;2,3;2,4;2,5;2,1;2,2;2,2
New Hampshire;Public;32,1;32,3;31,8;31,3;29,8;27,3;27,0;26,5;25,3;24,7;24,2;22,4
New Hampshire;..Medicaid;13,2;13,9;13,8;13,8;12,8;11,0;11,3;11,6;11,2;10,6;11,0;9,9
New Hampshire;..Medicare;20,2;19,8;19,2;18,9;18,2;17,4;17,0;16,3;15,9;15,3;14,9;14,1
New Hampshire;..VA Care;2,6;2,7;2,5;3,0;2,6;2,5;2,4;2,3;2,4;2,4;2,3;2,2
New Jersey;Total;100,0;100,0;100,0;100,0;100,0;100,0;100,0;100,0;100,0;100,0;100,0;100,0
New Jersey;Any coverage;92,1;92,6;92,3;92,0;91,3;89,1;86,8;87,3;86,9;86,8;87,4;88,0
New Jersey;Uninsured;7,9;7,4;7,7;8,0;8,7;10,9;13,2;12,7;13,1;13,2;12,6;12,0
New Jersey;Private;71,7;72,8;72,0;72,3;71,3;70,9;70,0;70,8;71,0;71,9;73,6;75,5
New Jersey;..Employer-based;62,0;62,7;62,0;62,0;61,6;62,0;61,8;62,8;63,2;63,7;65,2;67,7
New Jersey;..Direct-purchase;11,8;12,2;11,9;12,4;11,5;10,6;10,2;11,2;11,1;11,6;12,0;12,7
New Jersey;..TRICARE;1,0;1,0;1,0;1,0;0,9;0,9;1,0;1,0;0,9;0,9;0,9;1,0
New Jersey;Public;31,7;31,2;31,4;31,1;30,9;28,7;27,2;26,9;26,1;25,5;24,4;23,6
New Jersey;..Medicaid;16,5;16,8;17,2;17,2;17,4;15,4;14,1;14,2;13,8;13,2;12,3;11,6
New Jersey;..Medicare;17,6;17,0;16,8;16,4;16,0;15,6;15,4;15,2;14,7;14,4;14,4;14,3
New Jersey;..VA Care;1,1;1,1;1,1;1,1;1,0;1,0;1,1;1,1;1,1;1,1;1,1;1,2
New Mexico;Total;100,0;100,0;100,0;100,0;100,0;100,0;100,0;100,0;100,0;100,0;100,0;100,0
New Mexico;Any coverage;90,0;90,5;90,9;90,8;89,1;85,5;81,4;81,6;80,2;80,4;80,3;79,3
New Mexico;Uninsured;10,0;9,5;9,1;9,2;10,9;14,5;18,6;18,4;19,8;19,6;19,7;20,7
New Mexico;Private;53,7;54,3;54,4;55,1;54,6;54,3;53,5;54,9;53,2;55,8;56,6;57,7
New Mexico;..Employer-based;43,7;43,7;43,2;43,7;43,1;43,2;43,6;44,9;43,6;45,6;46,0;47,7
New Mexico;..Direct-purchase;10,5;10,3;10,8;10,8;10,7;10,5;9,1;10,2;9,9;10,9;11,5;11,4
New Mexico;..TRICARE;4,1;4,3;4,3;4,1;4,3;4,1;4,2;4,2;4,2;4,1;4,0;3,8
New Mexico;Public;50,1;49,4;49,2;48,2;46,6;42,8;39,3;37,9;37,7;36,2;34,9;32,9
New Mexico;..Medicaid;33,4;32,9;33,2;32,5;31,1;27,8;24,6;23,5;24,1;22,8;21,7;20,3
New Mexico;..Medicare;20,5;20,0;19,3;18,7;18,4;17,8;17,3;16,5;15,6;15,2;15,2;14,7
New Mexico;..VA Care;3,2;3,1;3,3;3,0;3,0;3,2;3,1;3,2;3,0;2,6;2,9;2,8
New York;Total;100,0;100,0;100,0;100,0;100,0;100,0;100,0;100,0;100,0;100,0;100,0;100,0
New York;Any coverage;94,8;94,6;94,3;93,9;92,9;91,3;89,3;89,1;88,6;88,1;88,6;88,6
New York;Uninsured;5,2;5,4;5,7;6,1;7,1;8,7;10,7;10,9;11,4;11,9;11,4;11,4
New York;Private;67,5;67,2;66,9;66,6;65,9;65,5;65,0;65,4;65,1;66,0;67,9;69,5
New York;..Employer-based;56,9;56,4;55,9;55,8;55,7;56,1;56,5;57,4;57,0;57,6;59,4;60,8
New York;..Direct-purchase;13,0;13,3;13,2;13,0;12,2;11,5;10,8;11,2;11,3;11,9;12,4;13,6
New York;..TRICARE;0,9;0,9;0,8;0,9;0,9;0,9;0,9;0,9;0,9;0,8;0,8;0,9
New York;Public;39,6;39,9;39,6;39,2;38,4;36,9;35,2;34,8;34,1;33,0;31,8;30,6
New York;..Medicaid;25,7;26,2;26,3;26,3;25,8;24,3;22,8;22,5;22,3;21,2;20,0;19,0
New York;..Medicare;18,1;17,8;17,2;16,8;16,4;16,1;15,9;15,5;15,1;14,8;14,7;14,6
New York;..VA Care;1,3;1,4;1,3;1,4;1,4;1,4;1,4;1,4;1,4;1,4;1,5;1,6
North Carolina;Total;100,0;100,0;100,0;100,0;100,0;100,0;100,0;100,0;100,0;100,0;100,0;100,0
North Carolina;Any coverage;88,7;89,3;89,3;89,6;88,8;86,9;84,4;83,4;83,7;83,2;83,9;84,5
North Carolina;Uninsured;11,3;10,7;10,7;10,4;11,2;13,1;15,6;16,6;16,3;16,8;16,1;15,5
North Carolina;Private;66,6;67,3;67,0;67,6;66,8;65,5;63,3;62,7;63,6;64,0;65,8;68,1
North Carolina;..Employer-based;52,3;52,7;51,8;51,3;50,1;50,1;49,6;49,9;50,9;50,8;53,0;55,2
North Carolina;..Direct-purchase;14,6;14,7;15,1;16,1;16,1;14,8;13,5;13,3;13,6;13,8;13,8;15,4
North Carolina;..TRICARE;4,2;4,5;4,4;4,6;4,6;4,5;4,4;4,5;4,5;4,3;4,4;4,2
North Carolina;Public;34,9;34,7;34,7;34,7;34,2;33,4;32,7;32,1;31,2;30,4;29,4;28,0
North Carolina;..Medicaid;18,0;18,2;18,5;18,7;18,8;18,3;17,9;17,9;17,5;16,8;16,2;15,4
North Carolina;..Medicare;18,9;18,6;18,2;18,1;17,7;17,2;16,8;16,4;15,7;15,3;15,0;14,6
North Carolina;..VA Care;2,8;3,0;2,8;2,9;2,6;2,6;2,6;2,5;2,4;2,3;2,4;2,4
North Dakota;Total;100,0;100,0;100,0;100,0;100,0;100,0;100,0;100,0;100,0;100,0;100,0;100,0
North Dakota;Any coverage;93,1;92,7;92,5;93,0;92,2;92,1;89,6;90,0;90,2;90,2;90,3;90,0
North Dakota;Uninsured;6,9;7,3;7,5;7,0;7,8;7,9;10,4;10,0;9,8;9,8;9,7;10,0
North Dakota;Private;79,1;79,7;79,8;80,5;80,6;80,1;79,1;79,7;78,7;79,8;80,6;79,7
North Dakota;..Employer-based;61,5;61,9;61,5;61,5;60,7;61,6;61,1;62,5;60,8;62,1;61,3;60,5
North Dakota;..Direct-purchase;19,0;19,0;19,0;20,4;21,1;19,9;18,9;19,1;20,4;20,0;21,2;21,9
North Dakota;..TRICARE;3,9;3,6;3,9;3,7;3,9;3,5;4,0;4,5;3,5;4,0;4,2;3,9
North Dakota;Public;27,2;26,5;25,8;26,0;24,1;25,8;23,8;23,3;24,9;24,1;23,5;24,1
North Dakota;..Medicaid;12,1;11,3;11,2;11,6;9,9;11,7;10,2;9,3;10,4;9,3;9,5;10,0
North Dakota;..Medicare;16,4;16,3;15,4;15,6;15,4;15,1;14,9;15,2;15,2;15,6;15,5;15,2
North Dakota;..VA Care;3,3;2,9;2,7;2,8;2,7;2,8;2,7;3,1;3,1;3,1;2,8;2,7
Ohio;Total;100,0;100,0;100,0;100,0;100,0;100,0;100,0;100,0;100,0;100,0;100,0;100,0
Ohio;Any coverage;93,4;93,5;94,0;94,4;93,5;91,6;89,0;88,5;88,1;87,7;87,8;88,7
Ohio;Uninsured;6,6;6,5;6,0;5,6;6,5;8,4;11,0;11,5;11,9;12,3;12,2;11,3
Ohio;Private;68,9;68,6;69,1;69,5;69,7;69,0;68,6;68,7;69,0;69,3;70,7;73,8
Ohio;..Employer-based;59,1;58,6;58,9;59,2;59,7;59,7;59,7;60,3;60,3;60,8;62,2;65,4
Ohio;..Direct-purchase;11,7;12,0;12,1;12,1;11,6;10,9;10,7;11,0;11,4;11,4;11,6;12,2
Ohio;..TRICARE;1,7;1,6;1,7;1,6;1,6;1,5;1,5;1,6;1,5;1,4;1,4;1,4
Ohio;Public;37,2;37,5;37,6;37,6;36,6;34,9;32,4;32,4;31,2;30,6;29,5;27,4
Ohio;..Medicaid;20,1;20,8;21,0;21,4;20,7;19,3;17,3;17,4;16,8;16,3;15,8;13,9
Ohio;..Medicare;19,1;18,9;18,5;18,3;17,8;17,5;16,9;16,7;16,1;15,8;15,5;15,1
Ohio;..VA Care;2,2;2,4;2,3;2,3;2,4;2,3;2,2;2,3;2,2;2,2;2,0;2,1
Oklahoma;Total;100,0;100,0;100,0;100,0;100,0;100,0;100,0;100,0;100,0;100,0;100,0;100,0
Oklahoma;Any coverage;85,7;85,8;85,8;86,2;86,1;84,6;82,3;81,6;81,3;81,1;81,3;81,3
Oklahoma;Uninsured;14,3;14,2;14,2;13,8;13,9;15,4;17,7;18,4;18,7;18,9;18,7;18,7
Oklahoma;Private;63,9;64,1;64,0;64,0;64,7;63,5;61,0;61,2;61,3;61,8;62,8;64,2
Oklahoma;..Employer-based;50,8;50,8;50,6;49,8;50,9;50,5;49,1;49,9;50,3;49,9;50,9;52,6
Oklahoma;..Direct-purchase;13,2;13,5;13,4;14,0;13,7;12,9;11,8;12,2;11,9;12,7;13,1;14,0
Oklahoma;..TRICARE;4,2;3,9;3,9;3,9;3,9;3,8;3,9;3,9;3,9;3,9;4,1;4,0
Oklahoma;Public;34,5;34,6;34,6;34,6;33,7;33,2;33,2;32,4;31,8;31,3;30,5;29,4
Oklahoma;..Medicaid;17,3;17,7;18,1;18,2;17,5;17,5;17,7;17,2;17,0;16,8;16,6;15,8
Oklahoma;..Medicare;18,7;18,2;18,0;17,8;17,6;17,0;16,8;16,6;16,1;15,8;15,6;15,5
Oklahoma;..VA Care;3,4;3,4;3,2;3,3;3,3;3,2;3,3;3,1;3,2;3,1;3,0;3,0
Oregon;Total;100,0;100,0;100,0;100,0;100,0;100,0;100,0;100,0;100,0;100,0;100,0;100,0
Oregon;Any coverage;92,8;92,9;93,2;93,8;93,0;90,3;85,3;85,1;84,3;82,9;83,0;84,2
Oregon;Uninsured;7,2;7,1;6,8;6,2;7,0;9,7;14,7;14,9;15,7;17,1;17,0;15,8
Oregon;Private;68,0;67,7;67,5;68,3;67,0;65,2;65,7;65,7;65,5;66,7;68,6;71,4
Oregon;..Employer-based;55,0;53,8;53,0;53,5;51,9;51,9;52,8;53,0;52,8;53,5;55,5;58,0
Oregon;..Direct-purchase;14,3;15,6;15,6;16,3;16,4;14,5;14,5;14,9;14,9;15,3;15,8;16,6
Oregon;..TRICARE;2,1;2,1;2,0;2,0;2,1;2,1;1,8;2,0;2,0;2,0;1,9;1,8
Oregon;Public;38,5;39,2;39,7;39,8;40,3;38,6;32,5;32,3;31,3;28,6;26,7;25,1
Oregon;..Medicaid;20,9;22,2;23,0;23,3;24,0;22,8;17,0;17,4;16,8;14,5;13,2;11,7
Oregon;..Medicare;19,7;19,2;18,9;18,6;18,3;17,9;17,4;16,7;16,1;15,7;15,0;14,8
Oregon;..VA Care;2,9;3,2;3,0;3,2;3,2;3,1;2,9;3,1;2,9;2,7;2,7;2,9
Pennsylvania;Total;100,0;100,0;100,0;100,0;100,0;100,0;100,0;100,0;100,0;100,0;100,0;100,0
Pennsylvania;Any coverage;94,2;94,5;94,5;94,4;93,6;91,5;90,3;90,2;89,9;89,8;90,1;91,0
Pennsylvania;Uninsured;5,8;5,5;5,5;5,6;6,4;8,5;9,7;9,8;10,1;10,2;9,9;9,0
Pennsylvania;Private;71,9;72,4;72,5;72,9;73,5;73,2;72,2;72,1;72,0;72,9;74,4;76,6
Pennsylvania;..Employer-based;59,1;59,4;59,3;58,7;59,5;59,5;60,1;60,5;60,2;60,9;62,7;64,5
Pennsylvania;..Direct-purchase;14,8;15,0;15,2;16,2;16,0;15,6;14,3;14,2;14,4;14,8;15,5;16,9
Pennsylvania;..TRICARE;1,5;1,5;1,5;1,5;1,3;1,4;1,3;1,4;1,4;1,3;1,3;1,3
Pennsylvania;Public;37,6;37,4;36,8;36,4;34,7;32,8;32,3;32,2;31,8;31,3;30,1;29,2
Pennsylvania;..Medicaid;20,1;20,3;19,7;19,9;18,5;16,9;16,6;17,0;17,0;16,7;15,6;15,0
Pennsylvania;..Medicare;20,4;19,9;19,9;19,2;18,9;18,5;18,1;17,7;17,4;17,0;16,8;16,7
Pennsylvania;..VA Care;2,0;2,2;2,1;2,2;2,1;2,1;2,1;2,1;2,1;2,0;2,0;2,1
Rhode Island;Total;100,0;100,0;100,0;100,0;100,0;100,0;100,0;100,0;100,0;100,0;100,0;100,0
Rhode Island;Any coverage;95,9;95,9;95,4;95,7;94,3;92,6;88,4;88,9;89,2;87,8;88,7;89,8
Rhode Island;Uninsured;4,1;4,1;4,6;4,3;5,7;7,4;11,6;11,1;10,8;12,2;11,3;10,2
Rhode Island;Private;73,3;70,0;69,6;71,7;70,5;68,8;68,9;70,2;71,3;70,3;72,2;74,9
Rhode Island;..Employer-based;60,7;57,5;56,9;57,5;57,3;56,6;57,6;59,9;60,8;59,0;60,3;63,7
Rhode Island;..Direct-purchase;15,4;14,2;14,4;16,4;14,6;13,6;12,5;12,5;12,8;13,1;14,2;14,3
Rhode Island;..TRICARE;2,0;2,3;2,2;1,7;2,1;1,8;2,1;2,3;2,3;2,4;2,3;2,5
Rhode Island;Public;36,2;38,7;38,0;37,4;36,8;36,0;31,8;31,1;30,8;29,9;28,9;28,6
Rhode Island;..Medicaid;20,4;23,6;23,2;22,1;22,2;21,7;17,8;17,6;17,5;16,6;15,6;15,4
Rhode Island;..Medicare;19,7;19,1;18,1;19,0;17,8;17,8;17,3;17,1;16,8;16,3;16,0;16,1
Rhode Island;..VA Care;2,1;2,3;2,1;2,2;2,1;2,3;1,9;1,9;2,0;2,1;1,9;2,1
South Carolina;Total;100,0;100,0;100,0;100,0;100,0;100,0;100,0;100,0;100,0;100,0;100,0;100,0
South Carolina;Any coverage;89,2;89,5;89,0;90,0;89,1;86,4;84,2;83,2;83,3;82,5;83,2;83,3
South Carolina;Uninsured;10,8;10,5;11,0;10,0;10,9;13,6;15,8;16,8;16,7;17,5;16,8;16,7
South Carolina;Private;66,3;65,9;65,4;66,7;66,0;63,5;62,3;62,0;62,5;62,8;64,5;66,5
South Carolina;..Employer-based;52,5;51,8;51,3;51,6;51,8;50,3;50,7;50,4;50,9;51,5;52,8;54,8
South Carolina;..Direct-purchase;14,0;14,2;13,8;14,8;14,0;12,6;11,5;11,9;11,9;12,0;13,4;14,3
South Carolina;..TRICARE;5,0;4,8;4,8;5,3;4,6;4,7;4,7;5,1;4,9;4,9;4,7;4,4
South Carolina;Public;37,1;37,8;37,2;37,2;36,5;36,2;34,5;33,6;32,5;31,6;30,8;29,3
South Carolina;..Medicaid;18,8;19,7;19,4;19,9;19,6;19,5;18,6;18,2;17,6;17,2;17,0;15,5
South Carolina;..Medicare;20,7;20,4;20,0;19,6;19,1;18,7;18,1;17,6;17,2;16,5;16,4;16,2
South Carolina;..VA Care;3,3;3,3;3,2;3,3;3,1;3,2;3,0;3,0;2,8;2,8;2,7;2,8
South Dakota;Total;100,0;100,0;100,0;100,0;100,0;100,0;100,0;100,0;100,0;100,0;100,0;100,0
South Dakota;Any coverage;89,8;90,2;90,9;91,3;89,8;90,2;88,7;88,5;88,1;87,6;86,9;88,9
South Dakota;Uninsured;10,2;9,8;9,1;8,7;10,2;9,8;11,3;11,5;11,9;12,4;13,1;11,1
South Dakota;Private;71,8;72,0;73,2;73,5;72,7;73,8;71,7;72,1;71,9;73,7;72,4;75,5
South Dakota;..Employer-based;54,4;54,8;55,6;54,4;53,3;54,2;53,4;54,7;55,0;54,4;54,4;57,2
South Dakota;..Direct-purchase;17,7;17,5;17,8;19,6;19,2;19,5;18,8;19,5;18,7;20,5;20,8;22,4
South Dakota;..TRICARE;3,6;4,1;3,9;4,2;4,0;4,2;4,0;4,1;3,7;4,1;3,2;3,4
South Dakota;Public;30,7;30,4;30,9;31,0;30,3;29,3;30,3;29,1;28,8;28,0;28,1;28,4
South Dakota;..Medicaid;13,1;13,8;14,5;14,8;14,4;14,2;15,1;14,2;13,8;13,4;13,7;13,9
South Dakota;..Medicare;18,8;17,9;17,6;17,3;17,1;16,4;16,3;16,1;16,0;15,9;15,5;15,4
South Dakota;..VA Care;3,7;3,6;3,9;3,8;3,7;3,7;3,6;4,0;3,9;3,9;3,9;4,2
Tennessee;Total;100,0;100,0;100,0;100,0;100,0;100,0;100,0;100,0;100,0;100,0;100,0;100,0
Tennessee;Any coverage;89,9;89,9;90,5;91,0;89,7;88,0;86,1;86,1;85,4;85,6;85,7;87,1
Tennessee;Uninsured;10,1;10,1;9,5;9,0;10,3;12,0;13,9;13,9;14,6;14,4;14,3;12,9
Tennessee;Private;66,1;65,8;66,3;66,3;65,8;64,8;63,8;64,5;63,4;64,6;65,7;68,6
Tennessee;..Employer-based;53,0;52,5;53,0;52,2;51,9;51,1;51,3;52,9;51,9;52,8;54,0;56,8
Tennessee;..Direct-purchase;13,5;13,6;13,5;14,6;14,4;13,9;12,6;12,9;12,3;12,9;13,4;14,6
Tennessee;..TRICARE;3,7;3,6;3,4;3,4;3,4;3,4;3,5;3,1;3,3;3,4;3,1;3,1
Tennessee;Public;36,2;37,1;36,8;37,3;35,9;35,4;34,4;33,5;33,3;32,8;31,8;30,6
Tennessee;..Medicaid;19,6;20,6;20,6;21,6;20,2;20,0;19,4;18,8;19,2;18,9;18,4;17,6
Tennessee;..Medicare;18,9;18,9;18,6;18,4;18,2;17,8;17,4;17,1;16,7;16,4;16,2;15,6
Tennessee;..VA Care;2,8;2,7;2,7;2,6;2,7;2,6;2,4;2,4;2,4;2,3;2,3;2,4
Texas;Total;100,0;100,0;100,0;100,0;100,0;100,0;100,0;100,0;100,0;100,0;100,0;100,0
Texas;Any coverage;81,6;82,3;82,7;83,4;82,9;80,9;77,9;77,5;77,0;76,3;76,2;76,6
Texas;Uninsured;18,4;17,7;17,3;16,6;17,1;19,1;22,1;22,5;23,0;23,7;23,8;23,4
Texas;Private;61,8;61,8;62,2;62,8;62,3;60,6;57,9;57,3;57,4;57,5;58,9;60,6
Texas;..Employer-based;51,4;51,0;51,5;50,9;50,8;50,2;48,8;48,8;48,8;48,7;50,0;51,4
Texas;..Direct-purchase;10,7;11,2;11,1;12,1;11,6;10,5;9,5;9,6;9,3;9,9;10,1;11,2
Texas;..TRICARE;2,9;3,0;3,0;3,0;3,0;3,0;3,0;3,1;3,1;3,0;2,9;3,0
Texas;Public;28,3;29,0;28,9;29,2;29,0;28,6;28,3;28,3;27,6;27,0;25,5;24,5
Texas;..Medicaid;15,9;17,0;17,1;17,5;17,5;17,3;17,4;17,8;17,3;16,8;15,6;14,8
Texas;..Medicare;14,0;13,7;13,4;13,2;13,1;12,9;12,6;12,2;12,0;11,8;11,5;11,3
Texas;..VA Care;2,2;2,2;2,1;2,2;2,1;2,1;2,1;2,1;2,0;2,0;2,0;2,1
Utah;Total;100,0;100,0;100,0;100,0;100,0;100,0;100,0;100,0;100,0;100,0;100,0;100,0
Utah;Any coverage;90,3;90,6;90,8;91,2;89,5;87,5;86,0;85,5;84,7;84,7;85,4;85,0
Utah;Uninsured;9,7;9,4;9,2;8,8;10,5;12,5;14,0;14,5;15,3;15,3;14,6;15,0
Utah;Private;78,5;78,5;78,4;78,7;77,3;75,2;73,5;73,4;72,9;72,9;75,0;75,9
Utah;..Employer-based;64,6;64,6;64,8;65,0;63,8;63,0;62,7;63,6;62,8;62,3;64,4;65,4
Utah;..Direct-purchase;14,8;14,8;14,6;14,5;14,2;12,9;11,6;11,3;11,9;12,1;13,2;13,6
Utah;..TRICARE;2,5;2,5;2,3;2,4;2,2;2,4;2,5;2,4;2,5;2,5;2,3;2,4
Utah;Public;20,7;21,3;21,4;21,5;21,3;20,8;21,0;20,8;20,6;20,5;19,0;18,2
Utah;..Medicaid;9,7;10,4;10,8;11,3;11,1;10,6;11,2;11,3;11,4;11,5;10,3;9,5
Utah;..Medicare;12,1;11,9;11,6;11,4;11,3;11,2;10,9;10,6;10,4;10,0;9,8;9,9
Utah;..VA Care;1,5;1,7;1,6;1,5;1,5;1,5;1,5;1,5;1,4;1,5;1,4;1,5
Vermont;Total;100,0;100,0;100,0;100,0;100,0;100,0;100,0;100,0;100,0;100,0;100,0;100,0
Vermont;Any coverage;95,5;96,0;95,4;96,3;96,2;95,0;92,8;93,5;93,4;92,0;91,4;91,2
Vermont;Uninsured;4,5;4,0;4,6;3,7;3,8;5,0;7,2;6,5;6,6;8,0;8,6;8,8
Vermont;Private;68,8;69,9;66,5;68,2;68,4;67,6;66,8;68,7;68,7;67,4;69,7;71,2
Vermont;..Employer-based;54,7;56,2;53,0;54,4;55,6;54,5;55,9;58,0;57,3;56,1;58,8;59,9
Vermont;..Direct-purchase;15,8;14,9;14,9;15,5;13,9;14,1;12,1;12,3;12,6;12,8;13,0;14,1
Vermont;..TRICARE;2,3;2,4;2,5;1,8;2,2;2,1;2,0;1,7;2,8;2,2;1,8;1,6
Vermont;Public;42,0;40,6;44,2;42,7;42,1;41,8;39,7;38,5;38,4;38,2;34,9;33,9
Vermont;..Medicaid;22,9;22,8;26,8;26,2;25,9;25,9;24,4;23,9;24,4;24,4;21,7;21,6
Vermont;..Medicare;22,5;21,6;21,1;20,5;20,1;19,7;19,0;18,2;17,3;17,0;16,3;16,2
Vermont;..VA Care;2,5;2,5;2,7;2,4;2,7;2,8;2,3;2,2;2,4;2,5;2,3;2,4
Virginia;Total;100,0;100,0;100,0;100,0;100,0;100,0;100,0;100,0;100,0;100,0;100,0;100,0
Virginia;Any coverage;92,1;91,2;91,2;91,3;90,9;89,1;87,7;87,5;87,5;86,9;88,1;88,4
Virginia;Uninsured;7,9;8,8;8,8;8,7;9,1;10,9;12,3;12,5;12,5;13,1;11,9;11,6
Virginia;Private;74,6;75,4;76,2;76,6;76,1;74,7;73,9;74,1;74,4;74,6;76,6;77,9
Virginia;..Employer-based;60,1;59,7;59,6;59,7;59,4;59,2;59,1;60,3;60,6;60,7;62,7;64,6
Virginia;..Direct-purchase;13,2;14,1;14,9;15,7;15,1;13,6;13,0;13,0;12,7;13,3;13,8;14,7
Virginia;..TRICARE;7,7;7,8;8,0;7,8;8,0;7,7;8,0;8,0;8,2;8,1;8,3;7,9
Virginia;Public;30,7;28,6;27,8;27,5;27,2;26,1;25,6;24,6;24,2;23,6;23,0;22,2
Virginia;..Medicaid;13,6;12,1;11,8;11,6;12,0;11,4;11,1;10,9;10,9;10,3;10,3;9,7
Virginia;..Medicare;17,7;17,2;16,6;16,3;15,9;15,4;15,3;14,8;14,4;14,2;13,9;13,8
Virginia;..VA Care;3,0;2,9;2,9;2,9;2,7;2,5;2,3;2,2;2,2;2,1;2,1;2,2
Washington;Total;100,0;100,0;100,0;100,0;100,0;100,0;100,0;100,0;100,0;100,0;100,0;100,0
Washington;Any coverage;93,4;93,6;93,9;94,0;93,4;90,8;86,0;86,1;85,8;85,8;86,6;87,5
Washington;Uninsured;6,6;6,4;6,1;6,0;6,6;9,2;14,0;13,9;14,2;14,2;13,4;12,5
Washington;Private;71,1;70,6;70,8;71,4;71,1;70,3;68,5;69,0;68,8;69,3;71,0;73,5
Washington;..Employer-based;58,5;57,6;57,1;57,2;56,4;56,0;55,5;56,1;55,9;56,4;58,3;60,1
Washington;..Direct-purchase;12,6;12,8;13,5;14,1;14,6;13,8;12,7;13,2;13,0;13,5;13,7;15,1
Washington;..TRICARE;4,2;4,3;4,3;4,4;4,2;4,5;4,3;4,6;4,5;4,4;4,1;4,4
Washington;Public;35,2;35,9;35,8;35,8;35,1;32,8;29,4;28,9;28,7;28,0;27,6;26,2
Washington;..Medicaid;19,8;20,8;21,0;21,1;20,8;18,7;15,7;15,8;16,0;16,0;15,7;14,2
Washington;..Medicare;17,1;17,0;16,6;16,4;16,2;15,8;15,3;14,9;14,3;13,8;13,6;13,7
Washington;..VA Care;2,5;2,6;2,6;2,7;2,6;2,6;2,5;2,3;2,3;2,1;2,1;2,2
West Virginia;Total;100,0;100,0;100,0;100,0;100,0;100,0;100,0;100,0;100,0;100,0;100,0;100,0
West Virginia;Any coverage;93,3;93,6;93,9;94,7;94,0;91,4;86,0;85,6;85,1;85,4;85,8;85,2
West Virginia;Uninsured;6,7;6,4;6,1;5,3;6,0;8,6;14,0;14,4;14,9;14,6;14,2;14,8
West Virginia;Private;62,6;62,8;62,0;62,3;63,4;62,9;62,8;63,1;62,0;63,5;65,0;65,8
West Virginia;..Employer-based;54,0;53,4;52,4;52,7;53,8;54,8;54,8;55,9;55,1;55,8;57,6;58,5
West Virginia;..Direct-purchase;10,2;10,6;10,4;10,9;10,6;9,2;9,2;9,3;10,3;11,1;11,3;11,9
West Virginia;..TRICARE;2,5;2,5;2,1;2,3;2,2;2,3;2,2;2,5;2,1;2,0;2,1;2,3
West Virginia;Public;47,5;47,1;47,6;48,4;46,2;44,2;38,5;36,9;37,6;36,5;36,1;35,0
West Virginia;..Medicaid;26,6;26,4;27,9;28,8;26,8;25,0;19,6;18,4;19,7;18,9;18,7;17,6
West Virginia;..Medicare;24,3;23,9;23,0;22,9;22,2;21,9;21,3;20,7;20,5;20,1;19,7;19,4
West Virginia;..VA Care;3,8;3,8;3,3;3,6;3,6;3,5;3,6;3,8;3,4;3,6;3,5;3,8
Wisconsin;Total;100,0;100,0;100,0;100,0;100,0;100,0;100,0;100,0;100,0;100,0;100,0;100,0
Wisconsin;Any coverage;94,3;94,5;94,6;94,7;94,3;92,7;90,9;91,0;91,0;90,6;90,6;91,2
Wisconsin;Uninsured;5,7;5,5;5,4;5,3;5,7;7,3;9,1;9,0;9,0;9,4;9,4;8,8
Wisconsin;Private;74,3;74,8;75,2;75,2;75,0;73,3;71,8;72,4;71,7;72,8;74,8;77,7
Wisconsin;..Employer-based;61,8;62,0;62,4;61,7;61,8;61,0;60,7;61,8;61,2;62,1;64,5;67,1
Wisconsin;..Direct-purchase;14,5;14,6;14,5;15,2;14,9;14,1;13,2;13,0;12,7;13,2;13,1;14,0
Wisconsin;..TRICARE;1,4;1,5;1,4;1,5;1,4;1,4;1,2;1,4;1,3;1,3;1,3;1,3
Wisconsin;Public;33,2;33,0;32,7;33,0;32,5;32,2;31,8;31,2;31,6;30,6;28,8;26,5
Wisconsin;..Medicaid;16,5;16,8;17,1;17,8;17,4;17,3;17,6;17,2;18,3;17,4;15,9;14,0
Wisconsin;..Medicare;19,0;18,7;18,1;17,8;17,3;17,0;16,6;16,1;15,4;15,1;14,7;14,5
Wisconsin;..VA Care;2,4;2,5;2,4;2,4;2,4;2,4;2,4;2,3;2,3;2,3;2,3;2,1
Wyoming;Total;100,0;100,0;100,0;100,0;100,0;100,0;100,0;100,0;100,0;100,0;100,0;100,0
Wyoming;Any coverage;87,7;89,5;87,7;88,5;88,5;88,0;86,6;84,6;84,6;85,1;84,8;86,3
Wyoming;Uninsured;12,3;10,5;12,3;11,5;11,5;12,0;13,4;15,4;15,4;14,9;15,2;13,7
Wyoming;Private;71,6;74,9;72,5;74,1;74,1;73,5;73,9;69,0;70,9;70,8;72,0;74,9
Wyoming;..Employer-based;55,8;60,2;57,2;58,5;58,1;58,9;61,5;55,5;58,6;58,0;57,7;60,6
Wyoming;..Direct-purchase;16,0;15,7;15,6;16,3;16,5;14,5;13,1;14,5;12,8;13,4;16,1;17,1
Wyoming;..TRICARE;3,9;4,1;3,6;3,3;3,4;3,3;3,6;3,5;3,9;3,7;3,9;3,8
Wyoming;Public;29,2;27,3;28,3;27,3;26,4;26,0;25,2;27,5;24,9;26,0;25,1;24,6
Wyoming;..Medicaid;11,7;10,3;12,2;12,1;12,0;12,5;11,0;13,9;11,5;12,8;12,0;11,4
Wyoming;..Medicare;18,6;18,0;17,3;16,3;15,5;15,0;14,6;14,8;14,3;13,3;13,7;13,5
Wyoming;..VA Care;3,4;3,7;3,4;3,8;3,2;3,1;3,4;3,5;3,6;3,8;3,7;4,2